"productId","claimSentence","issueType","baseline","reductionPercentage","timeframe","evidenceReference","sourceUrl","sourceTitle","capturedDate"
"GCG-PUB-001","Sustainable materials","Vague/broad claim","","","","","https://www.asa.org.uk/rulings/nike-retail-bv-a25-1309100-nike-retail-bv.html","ASA Ruling on Nike Retail BV (03 Dec 2025)","2026-02-19"
"GCG-PUB-002","Sustainable style. Unlock a wardrobe that combines style and sustainability.","Vague/broad claim","","","","","https://www.asa.org.uk/rulings/supergroup-internet-ltd-a25-1309101-supergroup-internet-ltd.html","ASA Ruling on Supergroup Internet Ltd (03 Dec 2025)","2026-02-19"
"GCG-PUB-003","Sustainable clothing","Vague/broad claim","","","","","https://www.asa.org.uk/rulings/lacoste-e-commerce-a25-1309097-lacoste-e-commerce.html","ASA Ruling on Lacoste E-commerce (03 Dec 2025)","2026-02-19"
"GCG-PUB-004","We’re proud to be a Carbon Neutral business.","Carbon neutral claim","","","","","https://www.asa.org.uk/rulings/charles-tyrwhitt-shirts-ltd-a23-1210029-charles-tyrwhitt-shirts-ltd.html","ASA Ruling on Charles Tyrwhitt Shirts Ltd (20 Dec 2023)","2026-02-19"
"GCG-PUB-005","Our sustainable collection is formed using better materials and less damaging production techniques.","Vague/broad claim","","","","","https://www.gov.uk/government/publications/complying-with-consumer-law-when-making-environmental-claims-in-the-fashion-retail-sector/complying-with-consumer-law-when-making-environmental-claims-in-the-fashion-retail-sector","CMA Fashion Retail Guidance (18 Sep 2024)","2026-02-19"
"GCG-PUB-006","Our new denim range uses 50% less water than our previous range in the washing, ageing and finishing process.","Reduction/Comparison claim","Previous denim range water use","50.0","New range vs previous range; washing/ageing/finishing","CMA 2024 guidance example (illustrative wording)","https://www.gov.uk/government/publications/complying-with-consumer-law-when-making-environmental-claims-in-the-fashion-retail-sector/complying-with-consumer-law-when-making-environmental-claims-in-the-fashion-retail-sector","CMA Fashion Retail Guidance (Example 2)","2026-02-19"
"GCG-PUB-007","Step into the Sustainable Edit and discover products crafted from responsible materials.","Range/filter criteria claim","","","","","https://www.gov.uk/government/publications/complying-with-consumer-law-when-making-environmental-claims-in-the-fashion-retail-sector/complying-with-consumer-law-when-making-environmental-claims-in-the-fashion-retail-sector","CMA Fashion Retail Guidance (Product ranges)","2026-02-19"
"GCG-PUB-008","Compostable coffee bags","Disposal/compostable/recyclable claim","","","","","https://www.asa.org.uk/advice-online/environmental-claims-biodegradable-and-compostable.html","ASA Advice: Biodegradable and compostable claims","2026-02-19"
"GCG-PUB-009","Products in this range use recycled or organic content.","Recycled content claim","","","","","https://www.gov.uk/government/news/green-claims-cma-secures-landmark-changes-from-asos-boohoo-and-asda","CMA Press Release: ASOS, Boohoo and Asda undertakings (27 Mar 2024)","2026-02-19"
"GCG-PUB-010","We rely on supply-chain evidence to support environmental claims.","Substantiation / supply-chain responsibility","","","","","https://www.gov.uk/government/publications/making-green-claims-getting-it-right-across-the-supply-chain","CMA Supply Chain Explainer (22 Jan 2026)","2026-02-19"
"GCG-PUB-011","Beer for your Grandchildren. From the World’s First Carbon Negative brewery.","Carbon negative / net zero claim","","","","","https://www.asa.org.uk/rulings/brewdog-plc-g23-1210353-brewdog-plc.html","ASA Ruling on BrewDog plc (20 Dec 2023)","2026-02-19"
"GCG-PUB-012","100% carbon neutral","Carbon neutral claim","","","","","https://www.asa.org.uk/news/carbon-neutral-and-net-zero-claims-where-are-we-now.html","ASA News: Carbon neutral and net zero claims - where are we now? (21 Mar 2024)","2026-02-19"
"GCG-PUB-013","Carbon Negative","Carbon negative / net zero claim","","","","","https://www.asa.org.uk/news/carbon-neutral-and-net-zero-claims-where-are-we-now.html","ASA News: Carbon neutral and net zero claims - where are we now? (21 Mar 2024)","2026-02-19"
"GCG-PUB-014","100% recyclable","Disposal/compostable/recyclable claim","","","","","https://www.asa.org.uk/advice-online/environmental-claims-recycling.html","ASA Advice: Environmental claims - Recycling (20 Jan 2026)","2026-02-19"
"GCG-PUB-015","A planet-loving jacket","Vague/broad claim","","","","","https://www.gov.uk/government/publications/complying-with-consumer-law-when-making-environmental-claims-in-the-fashion-retail-sector/complying-with-consumer-law-when-making-environmental-claims-in-the-fashion-retail-sector","CMA Fashion Retail Guidance (Example 1 - imagery/icons)","2026-02-19"
"GCG-PUB-016","A kid’s winter coat that’s also eco-friendly? Yes, please","Vague/broad claim","","","","","https://www.gov.uk/government/publications/complying-with-consumer-law-when-making-environmental-claims-in-the-fashion-retail-sector/complying-with-consumer-law-when-making-environmental-claims-in-the-fashion-retail-sector","CMA Fashion Retail Guidance (Example 3 - consumer action)","2026-02-19"
"GCG-PUB-017","Recycled dresses","Range/filter criteria claim","","","","","https://www.gov.uk/government/publications/complying-with-consumer-law-when-making-environmental-claims-in-the-fashion-retail-sector/complying-with-consumer-law-when-making-environmental-claims-in-the-fashion-retail-sector","CMA Fashion Retail Guidance (Example 4 - filters)","2026-02-19"
"GCG-PUB-018","Explore our exclusive, curated range of environmentally conscious fashion products.","Range/filter criteria claim","","","","","https://www.gov.uk/government/publications/complying-with-consumer-law-when-making-environmental-claims-in-the-fashion-retail-sector/complying-with-consumer-law-when-making-environmental-claims-in-the-fashion-retail-sector","CMA Fashion Retail Guidance (Example 5 - range criteria)","2026-02-19"
"GCG-PUB-019","Organic cotton cardigan in bright blue","Fibre composition percentage clarity","","","","","https://www.gov.uk/government/publications/complying-with-consumer-law-when-making-environmental-claims-in-the-fashion-retail-sector/complying-with-consumer-law-when-making-environmental-claims-in-the-fashion-retail-sector","CMA Fashion Retail Guidance (Example 6 - organic % in title)","2026-02-19"
"GCG-PUB-020","T-shirt made from 100% GOOD FABRIC Scheme material","Accreditation / mass balance scheme clarity","","","","","https://www.gov.uk/government/publications/complying-with-consumer-law-when-making-environmental-claims-in-the-fashion-retail-sector/complying-with-consumer-law-when-making-environmental-claims-in-the-fashion-retail-sector","CMA Fashion Retail Guidance (Example 7 - schemes)","2026-02-19"
